{"is_source_file": true, "format": "bash script", "description": "This file is a shell script designed to restore various types of databases (SQLite, PostgreSQL, MySQL, MongoDB) from corresponding backup files. It automatically detects the backup type based on existing backup files and database environment, then executes the appropriate restoration commands.", "external_files": ["database_backup.db", "database_backup.sql", "database_backup.archive"], "external_methods": ["ls", "cp", "sudo -u postgres pg_isready", "psql", "mysqladmin", "mysql", "mongosh", "mongorestore"], "published": ["restore_db.sh"], "classes": [], "methods": [], "calls": ["ls /usr/lib/postgresql/", "sudo -u postgres pg_isready", "psql", "mysqladmin ping", "mysqladmin ping --socket", "mysql", "mongosh --port", "mongosh --eval", "mongorestore"], "search-terms": ["database restore", "backup detection", "SQLite restore", "PostgreSQL restore", "MySQL restore", "MongoDB restore", "shell script database"], "state": 2, "file_id": 9, "knowledge_revision": 15, "git_revision": "356bd5cc4090db680a864d221d86b4f6d2bdb4e9", "hash": "d42c3e6cbc3bbd627e3c08afcf4183ec", "format-version": 4, "code-base-name": "database", "filename": "database/restore_db.sh", "revision_history": [{"15": "356bd5cc4090db680a864d221d86b4f6d2bdb4e9"}]}