{"is_source_file": true, "format": "bash script", "description": "A Bash script that detects the running database (SQLite, PostgreSQL, MySQL, MongoDB) and creates backups accordingly.", "external_files": ["/usr/lib/postgresql/", "/usr/lib/postgresql/*/bin", "/var/run/mysqld/mysqld.sock"], "external_methods": ["ls", "cp", "sudo", "pg_isready", "pg_dump", "mysqladmin", "mysql", "mysqldump", "mongosh", "mongodump"], "published": [], "classes": [], "methods": [], "calls": ["ls /usr/lib/postgresql/", "cp", "sudo -u postgres pg_isready", "pg_dump", "mysqladmin ping", "mysql", "mysqldump", "mongosh --port", "mongodump"], "search-terms": ["database backup", "detect running database", "SQLite backup", "PostgreSQL backup", "MySQL backup", "MongoDB backup", "shell script", "database detection", "backup script"], "state": 2, "file_id": 7, "knowledge_revision": 14, "git_revision": "356bd5cc4090db680a864d221d86b4f6d2bdb4e9", "hash": "d7da372b768c895a33088027314656c3", "format-version": 4, "code-base-name": "database", "filename": "database/backup_db.sh", "revision_history": [{"14": "356bd5cc4090db680a864d221d86b4f6d2bdb4e9"}]}