{"is_source_file": true, "format": "HTML", "description": "HTML front-end source file for a web-based database viewer application, including embedded CSS styles and client-side JavaScript for fetching and displaying database, table, and data information interactively.", "external_files": [], "external_methods": [], "published": [], "classes": [], "methods": [], "calls": ["refreshDatabases()", "loadDatabases()", "fetchData()", "toggleDatabase()", "loadTables()", "loadTableData()", "renderTable()", "renderCell()", "expandCell()"], "search-terms": ["index.html", "database viewer", "client-side JavaScript for data fetching", "HTML layout for database visualization", "embedded CSS styles"], "state": 2, "file_id": 6, "knowledge_revision": 13, "git_revision": "356bd5cc4090db680a864d221d86b4f6d2bdb4e9", "hash": "ee63333a4841bf025439c755a74c9881", "format-version": 4, "code-base-name": "database", "filename": "database/db_visualizer/public/index.html", "revision_history": [{"13": "356bd5cc4090db680a864d221d86b4f6d2bdb4e9"}]}